<?xml version="1.0"?>
<Booklist>
   <Book>
      <Title>Foundation ActionScript for Flash MX 2004</Title>
      <Authors>
         <Author gender="male" country="UK">Sham Bhangal</Author>
      </Authors>
   </Book>
   <Book>
      <Title>PHP Web Development with Dreamweaver MX 2004</Title>
      <Authors>
         <Author gender="female" country="UK">Rachel Andrew</Author>
         <Author gender="male" country="South Africa">Allan Kent</Author>
         <Author gender="male" country="UK">David Powers</Author>
      </Authors>
   </Book>
</Booklist>